support,itemsets,itemsets_str,itemset_size
0.0219223814160523,frozenset({'15036'}),15036,1
0.022673529002642925,frozenset({'15056BL'}),15056BL,1
0.026624008902489914,frozenset({'15056N'}),15056N,1
0.010070941716511336,frozenset({'15060B'}),15060B,1
0.011406315203783558,frozenset({'16156S'}),16156S,1
0.01207400194741967,frozenset({'16161P'}),16161P,1
0.011545416608707748,frozenset({'16237'}),16237,1
0.011295034079844207,frozenset({'17003'}),17003,1
0.011322854360829044,frozenset({'20674'}),20674,1
0.017804979830296285,frozenset({'20675'}),20675,1
0.02439838642370288,frozenset({'20676'}),20676,1
0.01908471275559883,frozenset({'20677'}),20677,1
0.0186952288218111,frozenset({'20679'}),20679,1
0.014689108359994436,frozenset({'20682'}),20682,1
0.04473501182361942,frozenset({'20685'}),20685,1
0.026902211712338295,frozenset({'20711'}),20711,1
0.0347475309500626,frozenset({'20712'}),20712,1
0.031798581165669776,frozenset({'20713'}),20713,1
0.01799972179719015,frozenset({'20717'}),20717,1
0.029878981777715957,frozenset({'20718'}),20718,1
0.03766866045347058,frozenset({'20719'}),20719,1
0.03352343858672972,frozenset({'20723'}),20723,1
0.05004868549172346,frozenset({'20724'}),20724,1
0.0798442064264849,frozenset({'20725'}),20725,1
0.04965920155793573,frozenset({'20726'}),20726,1
0.06123243844762832,frozenset({'20727'}),20727,1
0.054722492697176245,frozenset({'20728'}),20728,1
0.02083739045764362,frozenset({'20749'}),20749,1
0.024704409514536098,frozenset({'20750'}),20750,1
0.012240923633328696,frozenset({'20751'}),20751,1
0.02086521073862846,frozenset({'20754'}),20754,1
0.015662818194463763,frozenset({'20828'}),20828,1
0.012519126443177077,frozenset({'20829'}),20829,1
0.05221866740854083,frozenset({'20914'}),20914,1
0.011155932674920016,frozenset({'20961'}),20961,1
0.010599527055223257,frozenset({'20963'}),20963,1
0.015495896508554737,frozenset({'20969'}),20969,1
0.015106412574767004,frozenset({'20970'}),20970,1
0.028543608290443733,frozenset({'20971'}),20971,1
0.03508137432188065,frozenset({'20972'}),20972,1
0.015356795103630546,frozenset({'20973'}),20973,1
0.02069828905271943,frozenset({'20974'}),20974,1
0.02292391153150647,frozenset({'20975'}),20975,1
0.011295034079844207,frozenset({'20977'}),20977,1
0.012686048129086103,frozenset({'20978'}),20978,1
0.016553067185978577,frozenset({'20979'}),20979,1
0.013047711781888996,frozenset({'20981'}),20981,1
0.014383085269161218,frozenset({'20982'}),20982,1
0.016247044095145362,frozenset({'20983'}),20983,1
0.01096119070802615,frozenset({'20992'}),20992,1
0.01313117262484351,frozenset({'21033'}),21033,1
0.05210738628460147,frozenset({'21034'}),21034,1
0.022840450688551953,frozenset({'21035'}),21035,1
0.012602587286131589,frozenset({'21041'}),21041,1
0.010265683683405202,frozenset({'21042'}),21042,1
0.010877729865071637,frozenset({'21071'}),21071,1
0.018945611350674643,frozenset({'21078'}),21078,1
0.05430518848240367,frozenset({'21080'}),21080,1
0.02125469467241619,frozenset({'21086'}),21086,1
0.02439838642370288,frozenset({'21094'}),21094,1
0.012630407567116428,frozenset({'21098'}),21098,1
0.013743218806509945,frozenset({'21108'}),21108,1
0.013047711781888996,frozenset({'21114'}),21114,1
0.0108499095840868,frozenset({'21115'}),21115,1
0.012407845319237724,frozenset({'21116'}),21116,1
0.02314647377938517,frozenset({'21121'}),21121,1
0.021477256920294896,frozenset({'21122'}),21122,1
0.01697037140075115,frozenset({'21124'}),21124,1
0.010738628460147448,frozenset({'21135'}),21135,1
0.019863680623174295,frozenset({'21136'}),21136,1
0.01502295173181249,frozenset({'21137'}),21137,1
0.02144943663931006,frozenset({'21154'}),21154,1
0.024815690638475447,frozenset({'21155'}),21155,1
0.024426206704687717,frozenset({'21156'}),21156,1
0.018639588259841425,frozenset({'21164'}),21164,1
0.023730699680066768,frozenset({'21165'}),21165,1
0.036834052023925444,frozenset({'21166'}),21166,1
0.019474196689386564,frozenset({'21169'}),21169,1
0.025038252886354154,frozenset({'21172'}),21172,1
0.027708999860898594,frozenset({'21174'}),21174,1
0.04189734316316595,frozenset({'21175'}),21175,1
0.012296564195298372,frozenset({'21179'}),21179,1
0.046682431492558074,frozenset({'21181'}),21181,1
0.02887745166226179,frozenset({'21210'}),21210,1
0.07959382389762136,frozenset({'21212'}),21212,1
0.03755737932953123,frozenset({'21213'}),21213,1
0.019808040061204617,frozenset({'21216'}),21216,1
0.024175824175824177,frozenset({'21217'}),21217,1
0.022339685630824873,frozenset({'21218'}),21218,1
0.03616636528028933,frozenset({'21231'}),21231,1
0.06087077479482543,frozenset({'21232'}),21232,1
0.023090833217415497,frozenset({'21238'}),21238,1
0.019168173598553346,frozenset({'21239'}),21239,1
0.019891500904159132,frozenset({'21240'}),21240,1
0.017165113367645014,frozenset({'21242'}),21242,1
0.01313117262484351,frozenset({'21243'}),21243,1
0.011851439699540965,frozenset({'21244'}),21244,1
0.0132702740297677,frozenset({'21257'}),21257,1
0.01207400194741967,frozenset({'21258'}),21258,1
0.01722075392961469,frozenset({'21259'}),21259,1
0.013381555153707052,frozenset({'21260'}),21260,1
0.023480317151203228,frozenset({'21314'}),21314,1
0.0162748643761302,frozenset({'21326'}),21326,1
0.011489776046738072,frozenset({'21327'}),21327,1
0.014410905550146057,frozenset({'21328'}),21328,1
0.012769508972040617,frozenset({'21329'}),21329,1
0.010627347336208095,frozenset({'21340'}),21340,1
0.010627347336208095,frozenset({'21363'}),21363,1
0.016580887466963415,frozenset({'21380'}),21380,1
0.01315899290582835,frozenset({'21381'}),21381,1
0.016580887466963415,frozenset({'21385'}),21385,1
0.014800389483933788,frozenset({'21390'}),21390,1
0.010710808179162609,frozenset({'21407'}),21407,1
0.016080122409236335,frozenset({'21411'}),21411,1
0.011879259980525803,frozenset({'21428'}),21428,1
0.023730699680066768,frozenset({'21429'}),21429,1
0.021115593267492003,frozenset({'21430'}),21430,1
0.010488245931283906,frozenset({'21452'}),21452,1
0.022840450688551953,frozenset({'21479'}),21479,1
0.026095423563777993,frozenset({'21481'}),21481,1
0.021811100292112952,frozenset({'21484'}),21484,1
0.035971623313395464,frozenset({'21485'}),21485,1
0.010265683683405202,frozenset({'21495'}),21495,1
0.013381555153707052,frozenset({'21497'}),21497,1
0.022005842259006817,frozenset({'21498'}),21498,1
0.01274168869105578,frozenset({'21499'}),21499,1
0.013604117401585757,frozenset({'21500'}),21500,1
0.016413965781054387,frozenset({'21506'}),21506,1
0.01435526498817638,frozenset({'21507'}),21507,1
0.012964250938934484,frozenset({'21508'}),21508,1
0.015245513979691195,frozenset({'21509'}),21509,1
0.013659757963555431,frozenset({'21519'}),21519,1
0.02843232716650438,frozenset({'21523'}),21523,1
0.030268465711503687,frozenset({'21524'}),21524,1
0.021505077201279733,frozenset({'21527'}),21527,1
0.01978021978021978,frozenset({'21531'}),21531,1
0.02531645569620253,frozenset({'21533'}),21533,1
0.028988732786201142,frozenset({'21535'}),21535,1
0.018611767978856587,frozenset({'21539'}),21539,1
0.011628877451662262,frozenset({'21544'}),21544,1
0.01922381416052302,frozenset({'21558'}),21558,1
0.031130894422033664,frozenset({'21559'}),21559,1
0.01315899290582835,frozenset({'21561'}),21561,1
0.010126582278481013,frozenset({'21577'}),21577,1
0.010015301154541661,frozenset({'21591'}),21591,1
0.01313117262484351,frozenset({'21592'}),21592,1
0.03382946167756294,frozenset({'21621'}),21621,1
0.01621922381416052,frozenset({'21622'}),21622,1
0.014188343302267353,frozenset({'21623'}),21623,1
0.010376964807344555,frozenset({'21624'}),21624,1
0.01274168869105578,frozenset({'21658'}),21658,1
0.020976491862567812,frozenset({'21668'}),21668,1
0.02061482820976492,frozenset({'21669'}),21669,1
0.019891500904159132,frozenset({'21670'}),21670,1
0.0186952288218111,frozenset({'21671'}),21671,1
0.020976491862567812,frozenset({'21672'}),21672,1
0.019585477813325914,frozenset({'21673'}),21673,1
0.013353734872722215,frozenset({'21700'}),21700,1
0.01313117262484351,frozenset({'21703'}),21703,1
0.013325914591737377,frozenset({'21704'}),21704,1
0.010015301154541661,frozenset({'21713'}),21713,1
0.0132702740297677,frozenset({'21714'}),21714,1
0.01126721379885937,frozenset({'21715'}),21715,1
0.011100292112950341,frozenset({'21716'}),21716,1
0.010877729865071637,frozenset({'21718'}),21718,1
0.036750591180970925,frozenset({'21731'}),21731,1
0.04693281402142162,frozenset({'21733'}),21733,1
0.012936430657949645,frozenset({'21745'}),21745,1
0.012213103352343858,frozenset({'21746'}),21746,1
0.05377660314369175,frozenset({'21754'}),21754,1
0.04431770760884685,frozenset({'21755'}),21755,1
0.014856030045903464,frozenset({'21756'}),21756,1
0.017332035053554042,frozenset({'21770'}),21770,1
0.010682987898177771,frozenset({'21787'}),21787,1
0.04584782306301294,frozenset({'21790'}),21790,1
0.03182640144665461,frozenset({'21791'}),21791,1
0.03972736124634859,frozenset({'21843'}),21843,1
0.012519126443177077,frozenset({'21844'}),21844,1
0.01096119070802615,frozenset({'21866'}),21866,1
0.02208930310196133,frozenset({'21868'}),21868,1
0.016163583252190847,frozenset({'21870'}),21870,1
0.01816664348309918,frozenset({'21871'}),21871,1
0.01463346779802476,frozenset({'21874'}),21874,1
0.014049241897343164,frozenset({'21876'}),21876,1
0.01883433022673529,frozenset({'21877'}),21877,1
0.02044790652385589,frozenset({'21888'}),21888,1
0.026624008902489914,frozenset({'21889'}),21889,1
0.01313117262484351,frozenset({'21890'}),21890,1
0.020114063152037835,frozenset({'21891'}),21891,1
0.01805536235915983,frozenset({'21892'}),21892,1
0.015328974822645709,frozenset({'21899'}),21899,1
0.019696758937265267,frozenset({'21900'}),21900,1
0.017109472805675336,frozenset({'21901'}),21901,1
0.011879259980525803,frozenset({'21902'}),21902,1
0.020392265961886216,frozenset({'21907'}),21907,1
0.023897621365975796,frozenset({'21908'}),21908,1
0.02019752399499235,frozenset({'21912'}),21912,1
0.023786340242036446,frozenset({'21914'}),21914,1
0.025539017944081234,frozenset({'21915'}),21915,1
0.017109472805675336,frozenset({'21916'}),21916,1
0.011684518013631937,frozenset({'21917'}),21917,1
0.01830574488802337,frozenset({'21918'}),21918,1
0.03992210321324245,frozenset({'21928'}),21928,1
0.04092363332869662,frozenset({'21929'}),21929,1
0.03374600083460843,frozenset({'21930'}),21930,1
0.05959104186952288,frozenset({'21931'}),21931,1
0.015495896508554737,frozenset({'21932'}),21932,1
0.014967311169842816,frozenset({'21933'}),21933,1
0.014104882459312839,frozenset({'21934'}),21934,1
0.018472666573932397,frozenset({'21935'}),21935,1
0.02656836834052024,frozenset({'21936'}),21936,1
0.01680344971484212,frozenset({'21937'}),21937,1
0.01883433022673529,frozenset({'21955'}),21955,1
0.011155932674920016,frozenset({'21967'}),21967,1
0.01964111837529559,frozenset({'21974'}),21974,1
0.03318959521491167,frozenset({'21975'}),21975,1
0.023508137432188065,frozenset({'21976'}),21976,1
0.04988176380581444,frozenset({'21977'}),21977,1
0.016942551119766308,frozenset({'21980'}),21980,1
0.012129642509389344,frozenset({'21981'}),21981,1
0.016107942690221172,frozenset({'21982'}),21982,1
0.010070941716511336,frozenset({'21984'}),21984,1
0.02253442759771874,frozenset({'21985'}),21985,1
0.011350674641813883,frozenset({'21986'}),21986,1
0.01029350396439004,frozenset({'21987'}),21987,1
0.01098901098901099,frozenset({'21988'}),21988,1
0.01705383224370566,frozenset({'21989'}),21989,1
0.012185283071359021,frozenset({'21992'}),21992,1
0.010321324245374878,frozenset({'21993'}),21993,1
0.010070941716511336,frozenset({'22023'}),22023,1
0.020280984837946863,frozenset({'22027'}),22027,1
0.011767978856586451,frozenset({'22028'}),22028,1
0.026624008902489914,frozenset({'22029'}),22029,1
0.017721518987341773,frozenset({'22030'}),22030,1
0.014856030045903464,frozenset({'22037'}),22037,1
0.01354847683961608,frozenset({'22041'}),22041,1
0.013103352343858673,frozenset({'22045'}),22045,1
0.0186952288218111,frozenset({'22055'}),22055,1
0.011461955765753234,frozenset({'22059'}),22059,1
0.01354847683961608,frozenset({'22061'}),22061,1
0.01557935735150925,frozenset({'22064'}),22064,1
0.012797329253025456,frozenset({'22072'}),22072,1
0.011990541104465156,frozenset({'22073'}),22073,1
0.043816942551119765,frozenset({'22077'}),22077,1
0.011879259980525803,frozenset({'22078'}),22078,1
0.017248574210599527,frozenset({'22079'}),22079,1
0.013214633467798024,frozenset({'22080'}),22080,1
0.02398108220893031,frozenset({'22082'}),22082,1
0.0347475309500626,frozenset({'22083'}),22083,1
0.021087772986507165,frozenset({'22084'}),22084,1
0.050215607177632494,frozenset({'22086'}),22086,1
0.02183892057309779,frozenset({'22087'}),22087,1
0.01621922381416052,frozenset({'22088'}),22088,1
0.014661288079009597,frozenset({'22089'}),22089,1
0.04378912227013493,frozenset({'22090'}),22090,1
0.013854499930449297,frozenset({'22109'}),22109,1
0.011712338294616776,frozenset({'22110'}),22110,1
0.04359438030324106,frozenset({'22111'}),22111,1
0.04417860620392266,frozenset({'22112'}),22112,1
0.026095423563777993,frozenset({'22113'}),22113,1
0.03942133815551537,frozenset({'22114'}),22114,1
0.011489776046738072,frozenset({'22115'}),22115,1
0.010905550146056476,frozenset({'22121'}),22121,1
0.01015440255946585,frozenset({'22130'}),22130,1
0.016942551119766308,frozenset({'22131'}),22131,1
0.050020865210738626,frozenset({'22138'}),22138,1
0.05461121157323689,frozenset({'22139'}),22139,1
0.01315899290582835,frozenset({'22141'}),22141,1
0.012157462790374184,frozenset({'22142'}),22142,1
0.016497426624008903,frozenset({'22144'}),22144,1
0.029600778967867575,frozenset({'22147'}),22147,1
0.03558213937960773,frozenset({'22149'}),22149,1
0.023814160523021283,frozenset({'22150'}),22150,1
0.018667408540826262,frozenset({'22151'}),22151,1
0.01368757824454027,frozenset({'22156'}),22156,1
0.018472666573932397,frozenset({'22158'}),22158,1
0.017415495896508554,frozenset({'22169'}),22169,1
0.014522186674085408,frozenset({'22170'}),22170,1
0.017276394491584364,frozenset({'22171'}),22171,1
0.024342745861733205,frozenset({'22173'}),22173,1
0.011962720823480317,frozenset({'22174'}),22174,1
0.044512449575740715,frozenset({'22178'}),22178,1
0.014104882459312839,frozenset({'22179'}),22179,1
0.010710808179162609,frozenset({'22180'}),22180,1
0.011350674641813883,frozenset({'22185'}),22185,1
0.014550006955070246,frozenset({'22188'}),22188,1
0.03332869661983586,frozenset({'22189'}),22189,1
0.01680344971484212,frozenset({'22191'}),22191,1
0.014577827236055085,frozenset({'22192'}),22192,1
0.016191403533175684,frozenset({'22193'}),22193,1
0.018194463764084016,frozenset({'22195'}),22195,1
0.022284045068855195,frozenset({'22196'}),22196,1
0.05686465433300876,frozenset({'22197'}),22197,1
0.015106412574767004,frozenset({'22198'}),22198,1
0.011016831269995827,frozenset({'22207'}),22207,1
0.019808040061204617,frozenset({'22212'}),22212,1
0.0265405480595354,frozenset({'22219'}),22219,1
0.01393796077340381,frozenset({'22227'}),22227,1
0.011211573236889693,frozenset({'22236'}),22236,1
0.0116566977326471,frozenset({'22241'}),22241,1
0.019863680623174295,frozenset({'22271'}),22271,1
0.02058700792878008,frozenset({'22273'}),22273,1
0.016553067185978577,frozenset({'22274'}),22274,1
0.021588538044234246,frozenset({'22294'}),22294,1
0.018250104326053694,frozenset({'22295'}),22295,1
0.021894561135067464,frozenset({'22296'}),22296,1
0.023647238837112255,frozenset({'22297'}),22297,1
0.01313117262484351,frozenset({'22300'}),22300,1
0.015634997913478926,frozenset({'22301'}),22301,1
0.010404785088329392,frozenset({'22302'}),22302,1
0.014327444707191543,frozenset({'22303'}),22303,1
0.03588816247044095,frozenset({'22326'}),22326,1
0.016441786062039228,frozenset({'22327'}),22327,1
0.030602309083321743,frozenset({'22328'}),22328,1
0.014104882459312839,frozenset({'22329'}),22329,1
0.0108499095840868,frozenset({'22331'}),22331,1
0.010043121435526499,frozenset({'22332'}),22332,1
0.017693698706356936,frozenset({'22333'}),22333,1
0.011211573236889693,frozenset({'22335'}),22335,1
0.021866740854082627,frozenset({'22348'}),22348,1
0.028376686604534705,frozenset({'22352'}),22352,1
0.01274168869105578,frozenset({'22353'}),22353,1
0.041952983725135624,frozenset({'22355'}),22355,1
0.03777994157740993,frozenset({'22356'}),22356,1
0.011044651550980665,frozenset({'22357'}),22357,1
0.014494366393100571,frozenset({'22358'}),22358,1
0.010070941716511336,frozenset({'22360'}),22360,1
0.010877729865071637,frozenset({'22361'}),22361,1
0.011155932674920016,frozenset({'22365'}),22365,1
0.014466546112115732,frozenset({'22366'}),22366,1
0.03010154402559466,frozenset({'22367'}),22367,1
0.015384615384615385,frozenset({'22371'}),22371,1
0.010265683683405202,frozenset({'22374'}),22374,1
0.011601057170677423,frozenset({'22378'}),22378,1
0.037919042982334124,frozenset({'22379'}),22379,1
0.01722075392961469,frozenset({'22380'}),22380,1
0.0273473362080957,frozenset({'22381'}),22381,1
0.0574767005146752,frozenset({'22382'}),22382,1
0.06320767839755181,frozenset({'22383'}),22383,1
0.055807483655584925,frozenset({'22384'}),22384,1
0.032494088190290725,frozenset({'22385'}),22385,1
0.05911809709278064,frozenset({'22386'}),22386,1
0.011322854360829044,frozenset({'22398'}),22398,1
0.05692029489497844,frozenset({'22411'}),22411,1
0.022450966754764223,frozenset({'22413'}),22413,1
0.02884963138127695,frozenset({'22417'}),22417,1
0.014271804145221867,frozenset({'22418'}),22418,1
0.10246209486715815,frozenset({'22423'}),22423,1
0.018723049102795937,frozenset({'22424'}),22424,1
0.020920851300598137,frozenset({'22427'}),22427,1
0.01638614550006955,frozenset({'22429'}),22429,1
0.016080122409236335,frozenset({'22431'}),22431,1
0.013437195715676729,frozenset({'22432'}),22432,1
0.0108499095840868,frozenset({'22433'}),22433,1
0.01382667964946446,frozenset({'22435'}),22435,1
0.010933370427041313,frozenset({'22437'}),22437,1
0.011795799137571289,frozenset({'22441'}),22441,1
0.010905550146056476,frozenset({'22444'}),22444,1
0.021310335234385868,frozenset({'22456'}),22456,1
0.05093893448323828,frozenset({'22457'}),22457,1
0.019724579218250105,frozenset({'22464'}),22464,1
0.011545416608707748,frozenset({'22465'}),22465,1
0.02765335929892892,frozenset({'22467'}),22467,1
0.010543886493253583,frozenset({'22468'}),22468,1
0.05569620253164557,frozenset({'22469'}),22469,1
0.05163444150785923,frozenset({'22470'}),22470,1
0.010794269022117123,frozenset({'22485'}),22485,1
0.023675059118097093,frozenset({'22487'}),22487,1
0.020809570176658784,frozenset({'22488'}),22488,1
0.018723049102795937,frozenset({'22489'}),22489,1
0.010349144526359716,frozenset({'22491'}),22491,1
0.01844484629294756,frozenset({'22492'}),22492,1
0.010488245931283906,frozenset({'22493'}),22493,1
0.020002782028098482,frozenset({'22499'}),22499,1
0.019307275003477536,frozenset({'22501'}),22501,1
0.02292391153150647,frozenset({'22502'}),22502,1
0.01908471275559883,frozenset({'22505'}),22505,1
0.023396856308248712,frozenset({'22507'}),22507,1
0.017638058144387257,frozenset({'22508'}),22508,1
0.014689108359994436,frozenset({'22528'}),22528,1
0.011211573236889693,frozenset({'22530'}),22530,1
0.010043121435526499,frozenset({'22531'}),22531,1
0.014160523021282515,frozenset({'22534'}),22534,1
0.011072471831965502,frozenset({'22548'}),22548,1
0.01683126999582696,frozenset({'22549'}),22549,1
0.010321324245374878,frozenset({'22550'}),22550,1
0.03399638336347197,frozenset({'22551'}),22551,1
0.02762553901794408,frozenset({'22553'}),22553,1
0.03291139240506329,frozenset({'22554'}),22554,1
0.02534427597718737,frozenset({'22555'}),22555,1
0.03168730004173042,frozenset({'22556'}),22556,1
0.028766170538322436,frozenset({'22557'}),22557,1
0.030713590207261093,frozenset({'22558'}),22558,1
0.018862150507720127,frozenset({'22560'}),22560,1
0.024314925580748367,frozenset({'22561'}),22561,1
0.010404785088329392,frozenset({'22562'}),22562,1
0.014049241897343164,frozenset({'22563'}),22563,1
0.012407845319237724,frozenset({'22567'}),22567,1
0.022562247878703576,frozenset({'22568'}),22568,1
0.02083739045764362,frozenset({'22569'}),22569,1
0.02100431214355265,frozenset({'22570'}),22570,1
0.011100292112950341,frozenset({'22571'}),22571,1
0.02016970371400751,frozenset({'22577'}),22577,1
0.018389205730977885,frozenset({'22578'}),22578,1
0.01288079009597997,frozenset({'22579'}),22579,1
0.0108499095840868,frozenset({'22580'}),22580,1
0.015078592293782167,frozenset({'22584'}),22584,1
0.027764640422868272,frozenset({'22585'}),22585,1
0.01151759632772291,frozenset({'22588'}),22588,1
0.01883433022673529,frozenset({'22595'}),22595,1
0.011016831269995827,frozenset({'22596'}),22596,1
0.012491306162192238,frozenset({'22602'}),22602,1
0.016608707747948256,frozenset({'22605'}),22605,1
0.010126582278481013,frozenset({'22606'}),22606,1
0.01961329809431075,frozenset({'22607'}),22607,1
0.01964111837529559,frozenset({'22616'}),22616,1
0.02509389344832383,frozenset({'22617'}),22617,1
0.0170816525246905,frozenset({'22619'}),22619,1
0.019724579218250105,frozenset({'22620'}),22620,1
0.021226874391431352,frozenset({'22621'}),22621,1
0.014995131450827653,frozenset({'22622'}),22622,1
0.014383085269161218,frozenset({'22623'}),22623,1
0.031909862289609126,frozenset({'22624'}),22624,1
0.02414800389483934,frozenset({'22625'}),22625,1
0.01680344971484212,frozenset({'22627'}),22627,1
0.03549867853665322,frozenset({'22629'}),22629,1
0.03324523577688135,frozenset({'22630'}),22630,1
0.016747809152872443,frozenset({'22631'}),22631,1
0.020420086242871054,frozenset({'22632'}),22632,1
0.022284045068855195,frozenset({'22633'}),22633,1
0.01340937543469189,frozenset({'22634'}),22634,1
0.013019891500904159,frozenset({'22635'}),22635,1
0.013019891500904159,frozenset({'22636'}),22636,1
0.01544025594658506,frozenset({'22637'}),22637,1
0.01544025594658506,frozenset({'22644'}),22644,1
0.018723049102795937,frozenset({'22645'}),22645,1
0.022423146473779385,frozenset({'22646'}),22646,1
0.012574767005146752,frozenset({'22649'}),22649,1
0.022284045068855195,frozenset({'22652'}),22652,1
0.01435526498817638,frozenset({'22654'}),22654,1
0.026735290026429267,frozenset({'22659'}),22659,1
0.015913200723327307,frozenset({'22661'}),22661,1
0.025817220753929615,frozenset({'22662'}),22662,1
0.0170816525246905,frozenset({'22663'}),22663,1
0.017944081235220476,frozenset({'22665'}),22665,1
0.04131311726248435,frozenset({'22666'}),22666,1
0.022979552093476144,frozenset({'22667'}),22667,1
0.014744748921964111,frozenset({'22668'}),22668,1
0.01057170677423842,frozenset({'22669'}),22669,1
0.010126582278481013,frozenset({'22670'}),22670,1
0.0116566977326471,frozenset({'22690'}),22690,1
0.014995131450827653,frozenset({'22692'}),22692,1
0.021421616358325218,frozenset({'22694'}),22694,1
0.03252190847127556,frozenset({'22697'}),22697,1
0.02506607316733899,frozenset({'22698'}),22698,1
0.03524829600778968,frozenset({'22699'}),22699,1
0.011128112393935179,frozenset({'22712'}),22712,1
0.010488245931283906,frozenset({'22716'}),22716,1
0.034858812074001946,frozenset({'22720'}),22720,1
0.020420086242871054,frozenset({'22722'}),22722,1
0.013743218806509945,frozenset({'22725'}),22725,1
0.03188204200862429,frozenset({'22726'}),22726,1
0.035053554040895815,frozenset({'22727'}),22727,1
0.024064543051884824,frozenset({'22728'}),22728,1
0.01588538044234247,frozenset({'22729'}),22729,1
0.01939073584643205,frozenset({'22730'}),22730,1
0.018222284045068857,frozenset({'22734'}),22734,1
0.011767978856586451,frozenset({'22737'}),22737,1
0.011211573236889693,frozenset({'22738'}),22738,1
0.013242453748782863,frozenset({'22739'}),22739,1
0.017192933648629852,frozenset({'22745'}),22745,1
0.014077062178328001,frozenset({'22746'}),22746,1
0.010237863402420364,frozenset({'22747'}),22747,1
0.018472666573932397,frozenset({'22748'}),22748,1
0.017721518987341773,frozenset({'22749'}),22749,1
0.01683126999582696,frozenset({'22750'}),22750,1
0.011823619418556128,frozenset({'22751'}),22751,1
0.017415495896508554,frozenset({'22752'}),22752,1
0.01123939351787453,frozenset({'22754'}),22754,1
0.011990541104465156,frozenset({'22755'}),22755,1
0.018917791069689802,frozenset({'22759'}),22759,1
0.01683126999582696,frozenset({'22766'}),22766,1
0.012380025038252886,frozenset({'22771'}),22771,1
0.018194463764084016,frozenset({'22776'}),22776,1
0.012185283071359021,frozenset({'22795'}),22795,1
0.01691473083878147,frozenset({'22804'}),22804,1
0.010682987898177771,frozenset({'22812'}),22812,1
0.014438725831130894,frozenset({'22834'}),22834,1
0.02517735429127834,frozenset({'22835'}),22835,1
0.010905550146056476,frozenset({'22837'}),22837,1
0.010599527055223257,frozenset({'22840'}),22840,1
0.012602587286131589,frozenset({'22844'}),22844,1
0.012574767005146752,frozenset({'22847'}),22847,1
0.013103352343858673,frozenset({'22851'}),22851,1
0.010126582278481013,frozenset({'22855'}),22855,1
0.030713590207261093,frozenset({'22865'}),22865,1
0.027208234803171513,frozenset({'22866'}),22866,1
0.026234524968702183,frozenset({'22867'}),22867,1
0.010404785088329392,frozenset({'22895'}),22895,1
0.012157462790374184,frozenset({'22898'}),22898,1
0.010516066212268744,frozenset({'22899'}),22899,1
0.01747113645847823,frozenset({'22900'}),22900,1
0.011545416608707748,frozenset({'22904'}),22904,1
0.01043260536931423,frozenset({'22906'}),22906,1
0.020420086242871054,frozenset({'22907'}),22907,1
0.012129642509389344,frozenset({'22908'}),22908,1
0.026206704687717346,frozenset({'22909'}),22909,1
0.03591598275142579,frozenset({'22910'}),22910,1
0.015245513979691195,frozenset({'22940'}),22940,1
0.011795799137571289,frozenset({'22941'}),22941,1
0.01505077201279733,frozenset({'22951'}),22951,1
0.02787592154680762,frozenset({'22952'}),22952,1
0.02804284323271665,frozenset({'22960'}),22960,1
0.028126304075671165,frozenset({'22961'}),22961,1
0.01799972179719015,frozenset({'22966'}),22966,1
0.017276394491584364,frozenset({'22969'}),22969,1
0.01274168869105578,frozenset({'22983'}),22983,1
0.010070941716511336,frozenset({'22988'}),22988,1
0.02656836834052024,frozenset({'22993'}),22993,1
0.012992071219919321,frozenset({'22998'}),22998,1
0.02409236333286966,frozenset({'23084'}),23084,1
0.010126582278481013,frozenset({'23170'}),23170,1
0.010349144526359716,frozenset({'23173'}),23173,1
0.010682987898177771,frozenset({'23198'}),23198,1
0.02414800389483934,frozenset({'23199'}),23199,1
0.014299624426206704,frozenset({'23200'}),23200,1
0.02303519265544582,frozenset({'23201'}),23201,1
0.022256224787870357,frozenset({'23202'}),23202,1
0.03165947976074558,frozenset({'23203'}),23203,1
0.014271804145221867,frozenset({'23204'}),23204,1
0.011712338294616776,frozenset({'23205'}),23205,1
0.026735290026429267,frozenset({'23206'}),23206,1
0.019474196689386564,frozenset({'23207'}),23207,1
0.01761023786340242,frozenset({'23208'}),23208,1
0.02871052997635276,frozenset({'23209'}),23209,1
0.01396578105438865,frozenset({'23240'}),23240,1
0.01151759632772291,frozenset({'23243'}),23243,1
0.021365975796355543,frozenset({'23245'}),23245,1
0.010655167617192934,frozenset({'23263'}),23263,1
0.018333565169008206,frozenset({'23284'}),23284,1
0.013492836277646404,frozenset({'23293'}),23293,1
0.010822089303101962,frozenset({'23295'}),23295,1
0.0303519265544582,frozenset({'23298'}),23298,1
0.01844484629294756,frozenset({'23300'}),23300,1
0.022562247878703576,frozenset({'23301'}),23301,1
0.014689108359994436,frozenset({'23307'}),23307,1
0.010015301154541661,frozenset({'23313'}),23313,1
0.010404785088329392,frozenset({'23319'}),23319,1
0.016747809152872443,frozenset({'23321'}),23321,1
0.014522186674085408,frozenset({'23322'}),23322,1
0.011211573236889693,frozenset({'23343'}),23343,1
0.01722075392961469,frozenset({'23344'}),23344,1
0.020642648490749756,frozenset({'23355'}),23355,1
0.012769508972040617,frozenset({'23356'}),23356,1
0.010404785088329392,frozenset({'23439'}),23439,1
0.010488245931283906,frozenset({'35400'}),35400,1
0.014077062178328001,frozenset({'35961'}),35961,1
0.017443316177493392,frozenset({'35970'}),35970,1
0.012268743914313535,frozenset({'37370'}),37370,1
0.013214633467798024,frozenset({'37448'}),37448,1
0.012018361385449993,frozenset({'37449'}),37449,1
0.013798859368479622,frozenset({'37503'}),37503,1
0.01015440255946585,frozenset({'46000S'}),46000S,1
0.011823619418556128,frozenset({'47556B'}),47556B,1
0.017554597301432745,frozenset({'47559B'}),47559B,1
0.0692168590902768,frozenset({'47566'}),47566,1
0.01978021978021978,frozenset({'47566B'}),47566B,1
0.010543886493253583,frozenset({'47568'}),47568,1
0.018027542078174988,frozenset({'47590A'}),47590A,1
0.023424676589233553,frozenset({'47590B'}),47590B,1
0.02979552093476144,frozenset({'47591D'}),47591D,1
0.018472666573932397,frozenset({'48111'}),48111,1
0.013019891500904159,frozenset({'48116'}),48116,1
0.014271804145221867,frozenset({'48129'}),48129,1
0.044122965641952984,frozenset({'48138'}),48138,1
0.013186813186813187,frozenset({'48173C'}),48173C,1
0.022562247878703576,frozenset({'48184'}),48184,1
0.02506607316733899,frozenset({'48185'}),48185,1
0.034191125330365835,frozenset({'48187'}),48187,1
0.017832800111281123,frozenset({'48188'}),48188,1
0.03508137432188065,frozenset({'48194'}),48194,1
0.018472666573932397,frozenset({'71053'}),71053,1
0.026373626373626374,frozenset({'71459'}),71459,1
0.01966893865628043,frozenset({'71477'}),71477,1
0.010516066212268744,frozenset({'72351A'}),72351A,1
0.012546946724161914,frozenset({'72351B'}),72351B,1
0.023925441646960633,frozenset({'72741'}),72741,1
0.013186813186813187,frozenset({'72760B'}),72760B,1
0.010710808179162609,frozenset({'79000'}),79000,1
0.0279315621087773,frozenset({'79321'}),79321,1
0.05235776881346502,frozenset({'82482'}),82482,1
0.03010154402559466,frozenset({'82483'}),82483,1
0.030991793017109474,frozenset({'82484'}),82484,1
0.03382946167756294,frozenset({'82486'}),82486,1
0.0520517457226318,frozenset({'82494L'}),82494L,1
0.017777159549311448,frozenset({'82551'}),82551,1
0.019947141466128807,frozenset({'82552'}),82552,1
0.0170816525246905,frozenset({'82578'}),82578,1
0.03218806509945751,frozenset({'82580'}),82580,1
0.02314647377938517,frozenset({'82581'}),82581,1
0.020114063152037835,frozenset({'82582'}),82582,1
0.029211295034079845,frozenset({'82583'}),82583,1
0.012352204757268049,frozenset({'82599'}),82599,1
0.03165947976074558,frozenset({'82600'}),82600,1
0.029322576158019194,frozenset({'84029E'}),84029E,1
0.024760050076505773,frozenset({'84029G'}),84029G,1
0.011740158575601614,frozenset({'84030E'}),84030E,1
0.012546946724161914,frozenset({'84032A'}),84032A,1
0.012992071219919321,frozenset({'84032B'}),84032B,1
0.016942551119766308,frozenset({'84050'}),84050,1
0.02601196272082348,frozenset({'84077'}),84077,1
0.011795799137571289,frozenset({'84270'}),84270,1
0.017276394491584364,frozenset({'84347'}),84347,1
0.01914035331756851,frozenset({'84375'}),84375,1
0.030157184587564334,frozenset({'84378'}),84378,1
0.02695785227430797,frozenset({'84380'}),84380,1
0.021727639449158436,frozenset({'84406B'}),84406B,1
0.01018222284045069,frozenset({'84510A'}),84510A,1
0.01799972179719015,frozenset({'84520B'}),84520B,1
0.012992071219919321,frozenset({'84536A'}),84536A,1
0.01599666156628182,frozenset({'84596B'}),84596B,1
0.012825149534010294,frozenset({'84596F'}),84596F,1
0.026345806092641536,frozenset({'84692'}),84692,1
0.03246626790930588,frozenset({'84755'}),84755,1
0.012964250938934484,frozenset({'84792'}),84792,1
0.01421616358325219,frozenset({'84832'}),84832,1
0.03688969258589512,frozenset({'84836'}),84836,1
0.01043260536931423,frozenset({'84839'}),84839,1
0.07564334399777438,frozenset({'84879'}),84879,1
0.016719988871887605,frozenset({'84945'}),84945,1
0.0428154124356656,frozenset({'84946'}),84946,1
0.01652524690499374,frozenset({'84947'}),84947,1
0.017860620392265963,frozenset({'84949'}),84949,1
0.025705939629990262,frozenset({'84970L'}),84970L,1
0.03510919460286549,frozenset({'84970S'}),84970S,1
0.01043260536931423,frozenset({'84971S'}),84971S,1
0.03519265544582,frozenset({'84978'}),84978,1
0.02086521073862846,frozenset({'84987'}),84987,1
0.023925441646960633,frozenset({'84988'}),84988,1
0.054527750730282376,frozenset({'84991'}),84991,1
0.036361107247183194,frozenset({'84992'}),84992,1
0.015662818194463763,frozenset({'84997A'}),84997A,1
0.027013492836277648,frozenset({'84997B'}),84997B,1
0.02548337738211156,frozenset({'84997C'}),84997C,1
0.0287383502573376,frozenset({'84997D'}),84997D,1
0.0178884406732508,frozenset({'85014A'}),85014A,1
0.02292391153150647,frozenset({'85014B'}),85014B,1
0.012825149534010294,frozenset({'85048'}),85048,1
0.01571845875643344,frozenset({'85049A'}),85049A,1
0.013103352343858673,frozenset({'85049C'}),85049C,1
0.010822089303101962,frozenset({'85049D'}),85049D,1
0.019474196689386564,frozenset({'85049E'}),85049E,1
0.01313117262484351,frozenset({'85049G'}),85049G,1
0.01096119070802615,frozenset({'85061W'}),85061W,1
0.023953261927945474,frozenset({'85066'}),85066,1
0.10307414104882459,frozenset({'85099B'}),85099B,1
0.048240367227709,frozenset({'85099C'}),85099C,1
0.04701627486437613,frozenset({'85099F'}),85099F,1
0.14129920712199193,frozenset({'85123A'}),85123A,1
0.02804284323271665,frozenset({'85150'}),85150,1
0.038308526916121854,frozenset({'85152'}),85152,1
0.011851439699540965,frozenset({'85175'}),85175,1
0.01368757824454027,frozenset({'85232B'}),85232B,1
0.011990541104465156,"frozenset({'15056BL', '15056N'})","15056BL, 15056N",2
0.010794269022117123,"frozenset({'15056BL', '20679'})","15056BL, 20679",2
0.010822089303101962,"frozenset({'20676', '20675'})","20675, 20676",2
0.011907080261510642,"frozenset({'20677', '20675'})","20675, 20677",2
0.010098761997496175,"frozenset({'20676', '20677'})","20676, 20677",2
0.01018222284045069,"frozenset({'20676', '21238'})","20676, 21238",2
0.01151759632772291,"frozenset({'20685', '48138'})","20685, 48138",2
0.010682987898177771,"frozenset({'20685', '85099B'})","20685, 85099B",2
0.010015301154541661,"frozenset({'20685', '85123A'})","20685, 85123A",2
0.01015440255946585,"frozenset({'20711', '20712'})","20711, 20712",2
0.013465015996661566,"frozenset({'20711', '21931'})","20711, 21931",2
0.012268743914313535,"frozenset({'22386', '20711'})","20711, 22386",2
0.011155932674920016,"frozenset({'20711', '22411'})","20711, 22411",2
0.01557935735150925,"frozenset({'20711', '85099B'})","20711, 85099B",2
0.010349144526359716,"frozenset({'85099C', '20711'})","20711, 85099C",2
0.011823619418556128,"frozenset({'20713', '20712'})","20712, 20713",2
0.015941021004312144,"frozenset({'20712', '21931'})","20712, 21931",2
0.014438725831130894,"frozenset({'22386', '20712'})","20712, 22386",2
0.01274168869105578,"frozenset({'20712', '22411'})","20712, 22411",2
0.020336625399916538,"frozenset({'20712', '85099B'})","20712, 85099B",2
0.01015440255946585,"frozenset({'85099C', '20712'})","20712, 85099C",2
0.015245513979691195,"frozenset({'20713', '21931'})","20713, 21931",2
0.011545416608707748,"frozenset({'20713', '22386'})","20713, 22386",2
0.010599527055223257,"frozenset({'20713', '22411'})","20713, 22411",2
0.018250104326053694,"frozenset({'20713', '85099B'})","20713, 85099B",2
0.011100292112950341,"frozenset({'20713', '85099C'})","20713, 85099C",2
0.010126582278481013,"frozenset({'20713', '85099F'})","20713, 85099F",2
0.012713868410070942,"frozenset({'20718', '85099B'})","20718, 85099B",2
0.015551537070524412,"frozenset({'20723', '20719'})","20719, 20723",2
0.021338155515370705,"frozenset({'20719', '20724'})","20719, 20724",2
0.011712338294616776,"frozenset({'20725', '20719'})","20719, 20725",2
0.011295034079844207,"frozenset({'20726', '20719'})","20719, 20726",2
0.01029350396439004,"frozenset({'20727', '20719'})","20719, 20727",2
0.010543886493253583,"frozenset({'20719', '21212'})","20719, 21212",2
0.018806509945750453,"frozenset({'20719', '22355'})","20719, 22355",2
0.01691473083878147,"frozenset({'22356', '20719'})","20719, 22356",2
0.010516066212268744,"frozenset({'20719', '85099B'})","20719, 85099B",2
0.021032132424537487,"frozenset({'20723', '20724'})","20723, 20724",2
0.012630407567116428,"frozenset({'20725', '20723'})","20723, 20725",2
0.01043260536931423,"frozenset({'20727', '20723'})","20723, 20727",2
0.010210043121435527,"frozenset({'20723', '20728'})","20723, 20728",2
0.01691473083878147,"frozenset({'20723', '22355'})","20723, 22355",2
0.016719988871887605,"frozenset({'22356', '20723'})","20723, 22356",2
0.01043260536931423,"frozenset({'20723', '22383'})","20723, 22383",2
0.010655167617192934,"frozenset({'20723', '85099B'})","20723, 85099B",2
0.01774933926832661,"frozenset({'20725', '20724'})","20724, 20725",2
0.011072471831965502,"frozenset({'20726', '20724'})","20724, 20726",2
0.013604117401585757,"frozenset({'20727', '20724'})","20724, 20727",2
0.012491306162192238,"frozenset({'20728', '20724'})","20724, 20728",2
0.014077062178328001,"frozenset({'20724', '21212'})","20724, 21212",2
0.011628877451662262,"frozenset({'20724', '21931'})","20724, 21931",2
0.0219223814160523,"frozenset({'20724', '22355'})","20724, 22355",2
0.025038252886354154,"frozenset({'22356', '20724'})","20724, 22356",2
0.01151759632772291,"frozenset({'20724', '22382'})","20724, 22382",2
0.013604117401585757,"frozenset({'20724', '22383'})","20724, 22383",2
0.012185283071359021,"frozenset({'22384', '20724'})","20724, 22384",2
0.010237863402420364,"frozenset({'22386', '20724'})","20724, 22386",2
0.017693698706356936,"frozenset({'20724', '85099B'})","20724, 85099B",2
0.01015440255946585,"frozenset({'85123A', '20724'})","20724, 85123A",2
0.02626234524968702,"frozenset({'20726', '20725'})","20725, 20726",2
0.030824871331200446,"frozenset({'20727', '20725'})","20725, 20727",2
0.027430797051050216,"frozenset({'20725', '20728'})","20725, 20728",2
0.011211573236889693,"frozenset({'20914', '20725'})","20725, 20914",2
0.010933370427041313,"frozenset({'20725', '21080'})","20725, 21080",2
0.017387675615523717,"frozenset({'20725', '21212'})","20725, 21212",2
0.010349144526359716,"frozenset({'20725', '21232'})","20725, 21232",2
0.016247044095145362,"frozenset({'20725', '21931'})","20725, 21931",2
0.010738628460147448,"frozenset({'20725', '21936'})","20725, 21936",2
0.013882320211434136,"frozenset({'20725', '22355'})","20725, 22355",2
0.013715398525525108,"frozenset({'20725', '22356'})","20725, 22356",2
0.010460425650299069,"frozenset({'20725', '22379'})","20725, 22379",2
0.02642926693559605,"frozenset({'20725', '22382'})","20725, 22382",2
0.030713590207261093,"frozenset({'20725', '22383'})","20725, 22383",2
0.030518848240367227,"frozenset({'20725', '22384'})","20725, 22384",2
0.015328974822645709,"frozenset({'22386', '20725'})","20725, 22386",2
0.012852969814995131,"frozenset({'20725', '22411'})","20725, 22411",2
0.01151759632772291,"frozenset({'22423', '20725'})","20725, 22423",2
0.01288079009597997,"frozenset({'20725', '22662'})","20725, 22662",2
0.012407845319237724,"frozenset({'20725', '23206'})","20725, 23206",2
0.011851439699540965,"frozenset({'20725', '23209'})","20725, 23209",2
0.011350674641813883,"frozenset({'47566', '20725'})","20725, 47566",2
0.010321324245374878,"frozenset({'20725', '84991'})","20725, 84991",2
0.026985672555292807,"frozenset({'20725', '85099B'})","20725, 85099B",2
0.011879259980525803,"frozenset({'85099C', '20725'})","20725, 85099C",2
0.012213103352343858,"frozenset({'20725', '85099F'})","20725, 85099F",2
0.017026011962720824,"frozenset({'20725', '85123A'})","20725, 85123A",2
0.021226874391431352,"frozenset({'20726', '20727'})","20726, 20727",2
0.021505077201279733,"frozenset({'20726', '20728'})","20726, 20728",2
0.010237863402420364,"frozenset({'20726', '21212'})","20726, 21212",2
0.010543886493253583,"frozenset({'20726', '21931'})","20726, 21931",2
0.010599527055223257,"frozenset({'20726', '22355'})","20726, 22355",2
0.022005842259006817,"frozenset({'20726', '22382'})","20726, 22382",2
0.021365975796355543,"frozenset({'20726', '22383'})","20726, 22383",2
0.01978021978021978,"frozenset({'20726', '22384'})","20726, 22384",2
0.010460425650299069,"frozenset({'20726', '22662'})","20726, 22662",2
0.013103352343858673,"frozenset({'20726', '85099B'})","20726, 85099B",2
0.01018222284045069,"frozenset({'20726', '85123A'})","20726, 85123A",2
0.023229934622339684,"frozenset({'20727', '20728'})","20727, 20728",2
0.011740158575601614,"frozenset({'20727', '21212'})","20727, 21212",2
0.010043121435526499,"frozenset({'21213', '20727'})","20727, 21213",2
0.011434135484768395,"frozenset({'20727', '21930'})","20727, 21930",2
0.012491306162192238,"frozenset({'20727', '21931'})","20727, 21931",2
0.012101822228404507,"frozenset({'20727', '22355'})","20727, 22355",2
0.011072471831965502,"frozenset({'20727', '22356'})","20727, 22356",2
0.023675059118097093,"frozenset({'20727', '22382'})","20727, 22382",2
0.02629016553067186,"frozenset({'20727', '22383'})","20727, 22383",2
0.025399916539157047,"frozenset({'20727', '22384'})","20727, 22384",2
0.011100292112950341,"frozenset({'20727', '22386'})","20727, 22386",2
0.010877729865071637,"frozenset({'20727', '22662'})","20727, 22662",2
0.01043260536931423,"frozenset({'20727', '23206'})","20727, 23206",2
0.015801919599387954,"frozenset({'20727', '85099B'})","20727, 85099B",2
0.012686048129086103,"frozenset({'20727', '85123A'})","20727, 85123A",2
0.01018222284045069,"frozenset({'20728', '21212'})","20728, 21212",2
0.011628877451662262,"frozenset({'20728', '21931'})","20728, 21931",2
0.011350674641813883,"frozenset({'20728', '22355'})","20728, 22355",2
0.010766448741132285,"frozenset({'22356', '20728'})","20728, 22356",2
0.021811100292112952,"frozenset({'20728', '22382'})","20728, 22382",2
0.025038252886354154,"frozenset({'20728', '22383'})","20728, 22383",2
0.024175824175824177,"frozenset({'22384', '20728'})","20728, 22384",2
0.010126582278481013,"frozenset({'22386', '20728'})","20728, 22386",2
0.010516066212268744,"frozenset({'20728', '22662'})","20728, 22662",2
0.014911670607873139,"frozenset({'20728', '85099B'})","20728, 85099B",2
0.01137849492279872,"frozenset({'85123A', '20728'})","20728, 85123A",2
0.0124634858812074,"frozenset({'20914', '21212'})","20914, 21212",2
0.011295034079844207,"frozenset({'20914', '85099B'})","20914, 85099B",2
0.012491306162192238,"frozenset({'20914', '85123A'})","20914, 85123A",2
0.016024481847266656,"frozenset({'20971', '20972'})","20971, 20972",2
0.0108499095840868,"frozenset({'20974', '20975'})","20974, 20975",2
0.012018361385449993,"frozenset({'21034', '85123A'})","21034, 85123A",2
0.013715398525525108,"frozenset({'21086', '21080'})","21080, 21086",2
0.016553067185978577,"frozenset({'21094', '21080'})","21080, 21094",2
0.01761023786340242,"frozenset({'21212', '21080'})","21080, 21212",2
0.010376964807344555,"frozenset({'22090', '21080'})","21080, 22090",2
0.010015301154541661,"frozenset({'84991', '21080'})","21080, 84991",2
0.01274168869105578,"frozenset({'21080', '85099B'})","21080, 85099B",2
0.010488245931283906,"frozenset({'85123A', '21080'})","21080, 85123A",2
0.01621922381416052,"frozenset({'21086', '21094'})","21086, 21094",2
0.0116566977326471,"frozenset({'21122', '21121'})","21121, 21122",2
0.010237863402420364,"frozenset({'21121', '21124'})","21121, 21124",2
0.013492836277646404,"frozenset({'21122', '21124'})","21122, 21124",2
0.014494366393100571,"frozenset({'84879', '21136'})","21136, 84879",2
0.010265683683405202,"frozenset({'22367', '21156'})","21156, 22367",2
0.016747809152872443,"frozenset({'21175', '21166'})","21166, 21175",2
0.014995131450827653,"frozenset({'21181', '21166'})","21166, 21181",2
0.01018222284045069,"frozenset({'85123A', '21166'})","21166, 85123A",2
0.01435526498817638,"frozenset({'85152', '21166'})","21166, 85152",2
0.01613576297120601,"frozenset({'21175', '21181'})","21175, 21181",2
0.011072471831965502,"frozenset({'82600', '21175'})","21175, 82600",2
0.01204618166643483,"frozenset({'85123A', '21175'})","21175, 85123A",2
0.015162053136736681,"frozenset({'21175', '85152'})","21175, 85152",2
0.011628877451662262,"frozenset({'82600', '21181'})","21181, 82600",2
0.013047711781888996,"frozenset({'85123A', '21181'})","21181, 85123A",2
0.01137849492279872,"frozenset({'85150', '21181'})","21181, 85150",2
0.013993601335373487,"frozenset({'85152', '21181'})","21181, 85152",2
0.014160523021282515,"frozenset({'21210', '21212'})","21210, 21212",2
0.02100431214355265,"frozenset({'21213', '21212'})","21212, 21213",2
0.012630407567116428,"frozenset({'21212', '21232'})","21212, 21232",2
0.01057170677423842,"frozenset({'21843', '21212'})","21212, 21843",2
0.018250104326053694,"frozenset({'21212', '21975'})","21212, 21975",2
0.013715398525525108,"frozenset({'21976', '21212'})","21212, 21976",2
0.02656836834052024,"frozenset({'21977', '21212'})","21212, 21977",2
0.011406315203783558,"frozenset({'21212', '22090'})","21212, 22090",2
0.010627347336208095,"frozenset({'22197', '21212'})","21212, 22197",2
0.010682987898177771,"frozenset({'21212', '22355'})","21212, 22355",2
0.010210043121435527,"frozenset({'22356', '21212'})","21212, 22356",2
0.011712338294616776,"frozenset({'21212', '22383'})","21212, 22383",2
0.01015440255946585,"frozenset({'22384', '21212'})","21212, 22384",2
0.01582973988037279,"frozenset({'22417', '21212'})","21212, 22417",2
0.015607177632494088,"frozenset({'22423', '21212'})","21212, 22423",2
0.01207400194741967,"frozenset({'47566', '21212'})","21212, 47566",2
0.029461677562943385,"frozenset({'84991', '21212'})","21212, 84991",2
0.018806509945750453,"frozenset({'84992', '21212'})","21212, 84992",2
0.016080122409236335,"frozenset({'21212', '85099B'})","21212, 85099B",2
0.015245513979691195,"frozenset({'85123A', '21212'})","21212, 85123A",2
0.0124634858812074,"frozenset({'21213', '21975'})","21213, 21975",2
0.012602587286131589,"frozenset({'21213', '21977'})","21213, 21977",2
0.01098901098901099,"frozenset({'21213', '22417'})","21213, 22417",2
0.015189873417721518,"frozenset({'21213', '84991'})","21213, 84991",2
0.010738628460147448,"frozenset({'21213', '84992'})","21213, 84992",2
0.026735290026429267,"frozenset({'21231', '21232'})","21231, 21232",2
0.011350674641813883,"frozenset({'22423', '21232'})","21232, 22423",2
0.011183752955904855,"frozenset({'84991', '21232'})","21232, 84991",2
0.011128112393935179,"frozenset({'21232', '85099B'})","21232, 85099B",2
0.016163583252190847,"frozenset({'85123A', '21232'})","21232, 85123A",2
0.011767978856586451,"frozenset({'21239', '21238'})","21238, 21239",2
0.012407845319237724,"frozenset({'21240', '21238'})","21238, 21240",2
0.011044651550980665,"frozenset({'21242', '21238'})","21238, 21242",2
0.013659757963555431,"frozenset({'21239', '21240'})","21239, 21240",2
0.014995131450827653,"frozenset({'21485', '22111'})","21485, 22111",2
0.011155932674920016,"frozenset({'21485', '22112'})","21485, 22112",2
0.012630407567116428,"frozenset({'21531', '21535'})","21531, 21535",2
0.012658227848101266,"frozenset({'21535', '21533'})","21533, 21535",2
0.011851439699540965,"frozenset({'22352', '21559'})","21559, 22352",2
0.012936430657949645,"frozenset({'21668', '21669'})","21668, 21669",2
0.010933370427041313,"frozenset({'21668', '21670'})","21668, 21670",2
0.011712338294616776,"frozenset({'21671', '21668'})","21668, 21671",2
0.01137849492279872,"frozenset({'21672', '21668'})","21668, 21672",2
0.01096119070802615,"frozenset({'21669', '21670'})","21669, 21670",2
0.010265683683405202,"frozenset({'21671', '21669'})","21669, 21671",2
0.010822089303101962,"frozenset({'21671', '21670'})","21670, 21671",2
0.011155932674920016,"frozenset({'21673', '21670'})","21670, 21673",2
0.011128112393935179,"frozenset({'21671', '21672'})","21671, 21672",2
0.010015301154541661,"frozenset({'21672', '21673'})","21672, 21673",2
0.03291139240506329,"frozenset({'85123A', '21733'})","21733, 85123A",2
0.022562247878703576,"frozenset({'21755', '21754'})","21754, 21755",2
0.010265683683405202,"frozenset({'84879', '21754'})","21754, 84879",2
0.018083182640144666,"frozenset({'85123A', '21754'})","21754, 85123A",2
0.01666434830991793,"frozenset({'85123A', '21755'})","21755, 85123A",2
0.0173042147725692,"frozenset({'21790', '21791'})","21790, 21791",2
0.011962720823480317,"frozenset({'22423', '21843'})","21843, 22423",2
0.011712338294616776,"frozenset({'21899', '21900'})","21899, 21900",2
0.010126582278481013,"frozenset({'21899', '21901'})","21899, 21901",2
0.011990541104465156,"frozenset({'21900', '21901'})","21900, 21901",2
0.011628877451662262,"frozenset({'21914', '21915'})","21914, 21915",2
0.019056892474613993,"frozenset({'21929', '21928'})","21928, 21929",2
0.016052302128251494,"frozenset({'21928', '21931'})","21928, 21931",2
0.01666434830991793,"frozenset({'22386', '21928'})","21928, 22386",2
0.017665878425372095,"frozenset({'21928', '22411'})","21928, 22411",2
0.02317429406037001,"frozenset({'21928', '85099B'})","21928, 85099B",2
0.014494366393100571,"frozenset({'85099C', '21928'})","21928, 85099C",2
0.014021421616358325,"frozenset({'21928', '85099F'})","21928, 85099F",2
0.010043121435526499,"frozenset({'21929', '21930'})","21929, 21930",2
0.015941021004312144,"frozenset({'21929', '21931'})","21929, 21931",2
0.01596884128529698,"frozenset({'21929', '22386'})","21929, 22386",2
0.017026011962720824,"frozenset({'21929', '22411'})","21929, 22411",2
0.02208930310196133,"frozenset({'21929', '85099B'})","21929, 85099B",2
0.012630407567116428,"frozenset({'21929', '85099C'})","21929, 85099C",2
0.014188343302267353,"frozenset({'21929', '85099F'})","21929, 85099F",2
0.017248574210599527,"frozenset({'21930', '21931'})","21930, 21931",2
0.010015301154541661,"frozenset({'21930', '22385'})","21930, 22385",2
0.015162053136736681,"frozenset({'22386', '21930'})","21930, 22386",2
0.012407845319237724,"frozenset({'21930', '22411'})","21930, 22411",2
0.017804979830296285,"frozenset({'21930', '85099B'})","21930, 85099B",2
0.012101822228404507,"frozenset({'85099C', '21930'})","21930, 85099C",2
0.010015301154541661,"frozenset({'21930', '85099F'})","21930, 85099F",2
0.013353734872722215,"frozenset({'21931', '22355'})","21931, 22355",2
0.010794269022117123,"frozenset({'22379', '21931'})","21931, 22379",2
0.01015440255946585,"frozenset({'22382', '21931'})","21931, 22382",2
0.018333565169008206,"frozenset({'22383', '21931'})","21931, 22383",2
0.012129642509389344,"frozenset({'22384', '21931'})","21931, 22384",2
0.016024481847266656,"frozenset({'21931', '22385'})","21931, 22385",2
0.02303519265544582,"frozenset({'22386', '21931'})","21931, 22386",2
0.022951731812491306,"frozenset({'22411', '21931'})","21931, 22411",2
0.03302267352900264,"frozenset({'21931', '85099B'})","21931, 85099B",2
0.01978021978021978,"frozenset({'85099C', '21931'})","21931, 85099C",2
0.01805536235915983,"frozenset({'85099F', '21931'})","21931, 85099F",2
0.011434135484768395,"frozenset({'85123A', '21931'})","21931, 85123A",2
0.010627347336208095,"frozenset({'21936', '85099B'})","21936, 85099B",2
0.01424398386423703,"frozenset({'21977', '21975'})","21975, 21977",2
0.011767978856586451,"frozenset({'22417', '21975'})","21975, 22417",2
0.016886910557796633,"frozenset({'84991', '21975'})","21975, 84991",2
0.012686048129086103,"frozenset({'84992', '21975'})","21975, 84992",2
0.010905550146056476,"frozenset({'21977', '21976'})","21976, 21977",2
0.010877729865071637,"frozenset({'21976', '84991'})","21976, 84991",2
0.011072471831965502,"frozenset({'22417', '21977'})","21977, 22417",2
0.010516066212268744,"frozenset({'22423', '21977'})","21977, 22423",2
0.02289609125052163,"frozenset({'21977', '84991'})","21977, 84991",2
0.01477256920294895,"frozenset({'84992', '21977'})","21977, 84992",2
0.010349144526359716,"frozenset({'22083', '22090'})","22083, 22090",2
0.01991932118514397,"frozenset({'22910', '22086'})","22086, 22910",2
0.010488245931283906,"frozenset({'47566', '22090'})","22090, 47566",2
0.015217693698706358,"frozenset({'22112', '22111'})","22111, 22112",2
0.011601057170677423,"frozenset({'22111', '22114'})","22111, 22114",2
0.01908471275559883,"frozenset({'22112', '22114'})","22112, 22114",2
0.015328974822645709,"frozenset({'22112', '22835'})","22112, 22835",2
0.01043260536931423,"frozenset({'22835', '22114'})","22114, 22835",2
0.013019891500904159,"frozenset({'22139', '22138'})","22138, 22139",2
0.01505077201279733,"frozenset({'22617', '22138'})","22138, 22617",2
0.012101822228404507,"frozenset({'22147', '22149'})","22147, 22149",2
0.012268743914313535,"frozenset({'85123A', '22178'})","22178, 85123A",2
0.01424398386423703,"frozenset({'85123A', '22189'})","22189, 85123A",2
0.012268743914313535,"frozenset({'22197', '85099B'})","22197, 85099B",2
0.010599527055223257,"frozenset({'22197', '85123A'})","22197, 85123A",2
0.01018222284045069,"frozenset({'85123A', '22219'})","22219, 85123A",2
0.010098761997496175,"frozenset({'22273', '22271'})","22271, 22273",2
0.010015301154541661,"frozenset({'22301', '22300'})","22300, 22301",2
0.015106412574767004,"frozenset({'22328', '22326'})","22326, 22328",2
0.018500486854917234,"frozenset({'22356', '22355'})","22355, 22356",2
0.01015440255946585,"frozenset({'22382', '22355'})","22355, 22382",2
0.014522186674085408,"frozenset({'22383', '22355'})","22355, 22383",2
0.012296564195298372,"frozenset({'85099B', '22355'})","22355, 85099B",2
0.010766448741132285,"frozenset({'22356', '22383'})","22356, 22383",2
0.010905550146056476,"frozenset({'22356', '22384'})","22356, 22384",2
0.012018361385449993,"frozenset({'22356', '85099B'})","22356, 85099B",2
0.011434135484768395,"frozenset({'22367', '47591D'})","22367, 47591D",2
0.015106412574767004,"frozenset({'22381', '22379'})","22379, 22381",2
0.01151759632772291,"frozenset({'22386', '22379'})","22379, 22386",2
0.016859090276811796,"frozenset({'22379', '85099B'})","22379, 85099B",2
0.010321324245374878,"frozenset({'22386', '22381'})","22381, 22386",2
0.011489776046738072,"frozenset({'22381', '85099B'})","22381, 85099B",2
0.027180414522186676,"frozenset({'22383', '22382'})","22382, 22383",2
0.022562247878703576,"frozenset({'22384', '22382'})","22382, 22384",2
0.014522186674085408,"frozenset({'22382', '22662'})","22382, 22662",2
0.010098761997496175,"frozenset({'22382', '23206'})","22382, 23206",2
0.013103352343858673,"frozenset({'22382', '85099B'})","22382, 85099B",2
0.011044651550980665,"frozenset({'85123A', '22382'})","22382, 85123A",2
0.024314925580748367,"frozenset({'22384', '22383'})","22383, 22384",2
0.013214633467798024,"frozenset({'22386', '22383'})","22383, 22386",2
0.012185283071359021,"frozenset({'22383', '22411'})","22383, 22411",2
0.012769508972040617,"frozenset({'22383', '22662'})","22383, 22662",2
0.011545416608707748,"frozenset({'22383', '23206'})","22383, 23206",2
0.018194463764084016,"frozenset({'22383', '85099B'})","22383, 85099B",2
0.013353734872722215,"frozenset({'85123A', '22383'})","22383, 85123A",2
0.01596884128529698,"frozenset({'22386', '22384'})","22384, 22386",2
0.010015301154541661,"frozenset({'22384', '22662'})","22384, 22662",2
0.016998191681735986,"frozenset({'22384', '85099B'})","22384, 85099B",2
0.010043121435526499,"frozenset({'22384', '85099F'})","22384, 85099F",2
0.012936430657949645,"frozenset({'22384', '85123A'})","22384, 85123A",2
0.01638614550006955,"frozenset({'22386', '22385'})","22385, 22386",2
0.01315899290582835,"frozenset({'22411', '22385'})","22385, 22411",2
0.018723049102795937,"frozenset({'22385', '85099B'})","22385, 85099B",2
0.010043121435526499,"frozenset({'85099C', '22385'})","22385, 85099C",2
0.0216998191681736,"frozenset({'22386', '22411'})","22386, 22411",2
0.0371678953957435,"frozenset({'22386', '85099B'})","22386, 85099B",2
0.018500486854917234,"frozenset({'85099C', '22386'})","22386, 85099C",2
0.01966893865628043,"frozenset({'22386', '85099F'})","22386, 85099F",2
0.010237863402420364,"frozenset({'22386', '85123A'})","22386, 85123A",2
0.02901655306718598,"frozenset({'22411', '85099B'})","22411, 85099B",2
0.018083182640144666,"frozenset({'85099C', '22411'})","22411, 85099C",2
0.013715398525525108,"frozenset({'85099F', '22411'})","22411, 85099F",2
0.013520656558631243,"frozenset({'22417', '84991'})","22417, 84991",2
0.016692168590902768,"frozenset({'22423', '22697'})","22423, 22697",2
0.013214633467798024,"frozenset({'22698', '22423'})","22423, 22698",2
0.017944081235220476,"frozenset({'22423', '22699'})","22423, 22699",2
0.015301154541660872,"frozenset({'47566', '22423'})","22423, 47566",2
0.012157462790374184,"frozenset({'84879', '22423'})","22423, 84879",2
0.010404785088329392,"frozenset({'22423', '84991'})","22423, 84991",2
0.0124634858812074,"frozenset({'22423', '85099B'})","22423, 85099B",2
0.01722075392961469,"frozenset({'22423', '85123A'})","22423, 85123A",2
0.015245513979691195,"frozenset({'85123A', '22457'})","22457, 85123A",2
0.02617888440673251,"frozenset({'22469', '22470'})","22469, 22470",2
0.018417026011962722,"frozenset({'22469', '85123A'})","22469, 85123A",2
0.019251634441507858,"frozenset({'22470', '85123A'})","22470, 85123A",2
0.010933370427041313,"frozenset({'22553', '22551'})","22551, 22553",2
0.016024481847266656,"frozenset({'22554', '22551'})","22551, 22554",2
0.01096119070802615,"frozenset({'22555', '22551'})","22551, 22555",2
0.014911670607873139,"frozenset({'22556', '22551'})","22551, 22556",2
0.011545416608707748,"frozenset({'22551', '22557'})","22551, 22557",2
0.011072471831965502,"frozenset({'22553', '22554'})","22553, 22554",2
0.010321324245374878,"frozenset({'22555', '22554'})","22554, 22555",2
0.01393796077340381,"frozenset({'22556', '22554'})","22554, 22556",2
0.0108499095840868,"frozenset({'22554', '22557'})","22554, 22557",2
0.012713868410070942,"frozenset({'22556', '22555'})","22555, 22556",2
0.011434135484768395,"frozenset({'22568', '22569'})","22568, 22569",2
0.012018361385449993,"frozenset({'22570', '22568'})","22568, 22570",2
0.013186813186813187,"frozenset({'22570', '22569'})","22569, 22570",2
0.012936430657949645,"frozenset({'22577', '22578'})","22577, 22578",2
0.010126582278481013,"frozenset({'22579', '22578'})","22578, 22579",2
0.012602587286131589,"frozenset({'22625', '22624'})","22624, 22625",2
0.021199054110446515,"frozenset({'22630', '22629'})","22629, 22630",2
0.01043260536931423,"frozenset({'22632', '22865'})","22632, 22865",2
0.011044651550980665,"frozenset({'22865', '22633'})","22633, 22865",2
0.010126582278481013,"frozenset({'22667', '22666'})","22666, 22667",2
0.020976491862567812,"frozenset({'22698', '22697'})","22697, 22698",2
0.02506607316733899,"frozenset({'22699', '22697'})","22697, 22699",2
0.019891500904159132,"frozenset({'22698', '22699'})","22698, 22699",2
0.021616358325219083,"frozenset({'22726', '22727'})","22726, 22727",2
0.013298094310752538,"frozenset({'22726', '22728'})","22726, 22728",2
0.010126582278481013,"frozenset({'22726', '22729'})","22726, 22729",2
0.0116566977326471,"frozenset({'22726', '22730'})","22726, 22730",2
0.015245513979691195,"frozenset({'22728', '22727'})","22727, 22728",2
0.011072471831965502,"frozenset({'22729', '22727'})","22727, 22729",2
0.013186813186813187,"frozenset({'22727', '22730'})","22727, 22730",2
0.011601057170677423,"frozenset({'22745', '22746'})","22745, 22746",2
0.014077062178328001,"frozenset({'22748', '22745'})","22745, 22748",2
0.011990541104465156,"frozenset({'22748', '22746'})","22746, 22748",2
0.010738628460147448,"frozenset({'22749', '22750'})","22749, 22750",2
0.01207400194741967,"frozenset({'85123A', '22804'})","22804, 85123A",2
0.015774099318403116,"frozenset({'22865', '22866'})","22865, 22866",2
0.015273334260676032,"frozenset({'22865', '22867'})","22865, 22867",2
0.013437195715676729,"frozenset({'22867', '22866'})","22866, 22867",2
0.011489776046738072,"frozenset({'22952', '22909'})","22909, 22952",2
0.011128112393935179,"frozenset({'22910', '22952'})","22910, 22952",2
0.010070941716511336,"frozenset({'22960', '22961'})","22960, 22961",2
0.012908610376964808,"frozenset({'23199', '85099B'})","23199, 85099B",2
0.012686048129086103,"frozenset({'23203', '23202'})","23202, 23203",2
0.01018222284045069,"frozenset({'23202', '85099B'})","23202, 85099B",2
0.012852969814995131,"frozenset({'23203', '23209'})","23203, 23209",2
0.01393796077340381,"frozenset({'23203', '85099B'})","23203, 85099B",2
0.010933370427041313,"frozenset({'23209', '23206'})","23206, 23209",2
0.012686048129086103,"frozenset({'47566', '23298'})","23298, 47566",2
0.013075532062873835,"frozenset({'23300', '23301'})","23300, 23301",2
0.01232438447628321,"frozenset({'47566', '85099B'})","47566, 85099B",2
0.016163583252190847,"frozenset({'47566', '85123A'})","47566, 85123A",2
0.012296564195298372,"frozenset({'47590B', '47590A'})","47590A, 47590B",2
0.010599527055223257,"frozenset({'85123A', '48138'})","48138, 85123A",2
0.012797329253025456,"frozenset({'82482', '82483'})","82482, 82483",2
0.012602587286131589,"frozenset({'82486', '82482'})","82482, 82486",2
0.028933092224231464,"frozenset({'82482', '82494L'})","82482, 82494L",2
0.02005842259006816,"frozenset({'85123A', '82482'})","82482, 85123A",2
0.016886910557796633,"frozenset({'82486', '82483'})","82483, 82486",2
0.012992071219919321,"frozenset({'82494L', '82483'})","82483, 82494L",2
0.012018361385449993,"frozenset({'85123A', '82483'})","82483, 85123A",2
0.013381555153707052,"frozenset({'82486', '82494L'})","82486, 82494L",2
0.01232438447628321,"frozenset({'82486', '85123A'})","82486, 85123A",2
0.02036444568090138,"frozenset({'85123A', '82494L'})","82494L, 85123A",2
0.012574767005146752,"frozenset({'82578', '82580'})","82578, 82580",2
0.010404785088329392,"frozenset({'82578', '82581'})","82578, 82581",2
0.016747809152872443,"frozenset({'82580', '82581'})","82580, 82581",2
0.011322854360829044,"frozenset({'82600', '85152'})","82600, 85152",2
0.012018361385449993,"frozenset({'84378', '84380'})","84378, 84380",2
0.014744748921964111,"frozenset({'85123A', '84836'})","84836, 85123A",2
0.019195993879538183,"frozenset({'84879', '85123A'})","84879, 85123A",2
0.010460425650299069,"frozenset({'85123A', '84946'})","84946, 85123A",2
0.014800389483933788,"frozenset({'84970S', '84970L'})","84970L, 84970S",2
0.01232438447628321,"frozenset({'85123A', '84970S'})","84970S, 85123A",2
0.011211573236889693,"frozenset({'85123A', '84978'})","84978, 85123A",2
0.010321324245374878,"frozenset({'84991', '84987'})","84987, 84991",2
0.017804979830296285,"frozenset({'84992', '84991'})","84991, 84992",2
0.01015440255946585,"frozenset({'84991', '85099B'})","84991, 85099B",2
0.012936430657949645,"frozenset({'85123A', '84991'})","84991, 85123A",2
0.011211573236889693,"frozenset({'84997A', '84997B'})","84997A, 84997B",2
0.010794269022117123,"frozenset({'84997A', '84997D'})","84997A, 84997D",2
0.015551537070524412,"frozenset({'84997B', '84997C'})","84997B, 84997C",2
0.014522186674085408,"frozenset({'84997D', '84997B'})","84997B, 84997D",2
0.017665878425372095,"frozenset({'84997D', '84997C'})","84997C, 84997D",2
0.01098901098901099,"frozenset({'85014A', '85014B'})","85014A, 85014B",2
0.028098483794686328,"frozenset({'85099C', '85099B'})","85099B, 85099C",2
0.029823341215746278,"frozenset({'85099F', '85099B'})","85099B, 85099F",2
0.019585477813325914,"frozenset({'85123A', '85099B'})","85099B, 85123A",2
0.01588538044234247,"frozenset({'85099C', '85099F'})","85099C, 85099F",2
0.010794269022117123,"frozenset({'85123A', '85099F'})","85099F, 85123A",2
0.011434135484768395,"frozenset({'85123A', '85152'})","85123A, 85152",2
0.010098761997496175,"frozenset({'20711', '21931', '85099B'})","20711, 21931, 85099B",3
0.01137849492279872,"frozenset({'20712', '21931', '85099B'})","20712, 21931, 85099B",3
0.011350674641813883,"frozenset({'22386', '20712', '85099B'})","20712, 22386, 85099B",3
0.010627347336208095,"frozenset({'20713', '21931', '85099B'})","20713, 21931, 85099B",3
0.01232438447628321,"frozenset({'20723', '20719', '20724'})","20719, 20723, 20724",3
0.011016831269995827,"frozenset({'20723', '20719', '22355'})","20719, 20723, 22355",3
0.010126582278481013,"frozenset({'22356', '20719', '20723'})","20719, 20723, 22356",3
0.0132702740297677,"frozenset({'20719', '20724', '22355'})","20719, 20724, 22355",3
0.013381555153707052,"frozenset({'22356', '20719', '20724'})","20719, 20724, 22356",3
0.011434135484768395,"frozenset({'22356', '20719', '22355'})","20719, 22355, 22356",3
0.012852969814995131,"frozenset({'20723', '20724', '22355'})","20723, 20724, 22355",3
0.013910140492418973,"frozenset({'22356', '20723', '20724'})","20723, 20724, 22356",3
0.010877729865071637,"frozenset({'22356', '20723', '22355'})","20723, 22355, 22356",3
0.010655167617192934,"frozenset({'20725', '20724', '22356'})","20724, 20725, 22356",3
0.014077062178328001,"frozenset({'22356', '20724', '22355'})","20724, 22355, 22356",3
0.013771039087494785,"frozenset({'20726', '20725', '20727'})","20725, 20726, 20727",3
0.013882320211434136,"frozenset({'20726', '20725', '20728'})","20725, 20726, 20728",3
0.01382667964946446,"frozenset({'20726', '20725', '22382'})","20725, 20726, 22382",3
0.01477256920294895,"frozenset({'20726', '20725', '22383'})","20725, 20726, 22383",3
0.01424398386423703,"frozenset({'20726', '20725', '22384'})","20725, 20726, 22384",3
0.014466546112115732,"frozenset({'20727', '20725', '20728'})","20725, 20727, 20728",3
0.014605647517039922,"frozenset({'20727', '20725', '22382'})","20725, 20727, 22382",3
0.01557935735150925,"frozenset({'20727', '20725', '22383'})","20725, 20727, 22383",3
0.01666434830991793,"frozenset({'20727', '20725', '22384'})","20725, 20727, 22384",3
0.013019891500904159,"frozenset({'20725', '20728', '22382'})","20725, 20728, 22382",3
0.015273334260676032,"frozenset({'20725', '20728', '22383'})","20725, 20728, 22383",3
0.015273334260676032,"frozenset({'20725', '20728', '22384'})","20725, 20728, 22384",3
0.010655167617192934,"frozenset({'20725', '21931', '85099B'})","20725, 21931, 85099B",3
0.015495896508554737,"frozenset({'20725', '22383', '22382'})","20725, 22382, 22383",3
0.014132702740297678,"frozenset({'20725', '22384', '22382'})","20725, 22382, 22384",3
0.016163583252190847,"frozenset({'20725', '22384', '22383'})","20725, 22383, 22384",3
0.010822089303101962,"frozenset({'20725', '22383', '85099B'})","20725, 22383, 85099B",3
0.011044651550980665,"frozenset({'20725', '22384', '85099B'})","20725, 22384, 85099B",3
0.01126721379885937,"frozenset({'22386', '20725', '85099B'})","20725, 22386, 85099B",3
0.012352204757268049,"frozenset({'20726', '20727', '20728'})","20726, 20727, 20728",3
0.011879259980525803,"frozenset({'20726', '20727', '22382'})","20726, 20727, 22382",3
0.01207400194741967,"frozenset({'20726', '20727', '22383'})","20726, 20727, 22383",3
0.01204618166643483,"frozenset({'20726', '22384', '20727'})","20726, 20727, 22384",3
0.011767978856586451,"frozenset({'20726', '20728', '22382'})","20726, 20728, 22382",3
0.01204618166643483,"frozenset({'20726', '20728', '22383'})","20726, 20728, 22383",3
0.011740158575601614,"frozenset({'20726', '22384', '20728'})","20726, 20728, 22384",3
0.012519126443177077,"frozenset({'20726', '22383', '22382'})","20726, 22382, 22383",3
0.011601057170677423,"frozenset({'20726', '22384', '22382'})","20726, 22382, 22384",3
0.011795799137571289,"frozenset({'20726', '22384', '22383'})","20726, 22383, 22384",3
0.012101822228404507,"frozenset({'20727', '20728', '22382'})","20727, 20728, 22382",3
0.013576297120600917,"frozenset({'20727', '20728', '22383'})","20727, 20728, 22383",3
0.013798859368479622,"frozenset({'20727', '22384', '20728'})","20727, 20728, 22384",3
0.014021421616358325,"frozenset({'20727', '22383', '22382'})","20727, 22382, 22383",3
0.012964250938934484,"frozenset({'20727', '22384', '22382'})","20727, 22382, 22384",3
0.013631937682570594,"frozenset({'20727', '22384', '22383'})","20727, 22383, 22384",3
0.014077062178328001,"frozenset({'20728', '22383', '22382'})","20728, 22382, 22383",3
0.0124634858812074,"frozenset({'22384', '20728', '22382'})","20728, 22382, 22384",3
0.013103352343858673,"frozenset({'22384', '20728', '22383'})","20728, 22383, 22384",3
0.011795799137571289,"frozenset({'21086', '21094', '21080'})","21080, 21086, 21094",3
0.011044651550980665,"frozenset({'21213', '84991', '21212'})","21212, 21213, 84991",3
0.011211573236889693,"frozenset({'84991', '21975', '21212'})","21212, 21975, 84991",3
0.014550006955070246,"frozenset({'84991', '21977', '21212'})","21212, 21977, 84991",3
0.011795799137571289,"frozenset({'84992', '84991', '21212'})","21212, 84991, 84992",3
0.011879259980525803,"frozenset({'21929', '21928', '85099B'})","21928, 21929, 85099B",3
0.010321324245374878,"frozenset({'21928', '22411', '21931'})","21928, 21931, 22411",3
0.0116566977326471,"frozenset({'85099B', '21928', '21931'})","21928, 21931, 85099B",3
0.010015301154541661,"frozenset({'22386', '21928', '22411'})","21928, 22386, 22411",3
0.012713868410070942,"frozenset({'22386', '21928', '85099B'})","21928, 22386, 85099B",3
0.012101822228404507,"frozenset({'21928', '22411', '85099B'})","21928, 22411, 85099B",3
0.010599527055223257,"frozenset({'85099C', '21928', '85099B'})","21928, 85099B, 85099C",3
0.01057170677423842,"frozenset({'21929', '21931', '85099B'})","21929, 21931, 85099B",3
0.011601057170677423,"frozenset({'21929', '22386', '85099B'})","21929, 22386, 85099B",3
0.010822089303101962,"frozenset({'21929', '22411', '85099B'})","21929, 22411, 85099B",3
0.010877729865071637,"frozenset({'21930', '21931', '85099B'})","21930, 21931, 85099B",3
0.010738628460147448,"frozenset({'22386', '21930', '85099B'})","21930, 22386, 85099B",3
0.010070941716511336,"frozenset({'85099B', '22383', '21931'})","21931, 22383, 85099B",3
0.01098901098901099,"frozenset({'22385', '21931', '85099B'})","21931, 22385, 85099B",3
0.013353734872722215,"frozenset({'22386', '22411', '21931'})","21931, 22386, 22411",3
0.017276394491584364,"frozenset({'22386', '21931', '85099B'})","21931, 22386, 85099B",3
0.010210043121435527,"frozenset({'85099C', '22386', '21931'})","21931, 22386, 85099C",3
0.0156906384754486,"frozenset({'21931', '22411', '85099B'})","21931, 22411, 85099B",3
0.010516066212268744,"frozenset({'85099C', '22411', '21931'})","21931, 22411, 85099C",3
0.014049241897343164,"frozenset({'85099C', '21931', '85099B'})","21931, 85099B, 85099C",3
0.013381555153707052,"frozenset({'21931', '85099F', '85099B'})","21931, 85099B, 85099F",3
0.010237863402420364,"frozenset({'84992', '21977', '84991'})","21977, 84991, 84992",3
0.01274168869105578,"frozenset({'22384', '22383', '22382'})","22382, 22383, 22384",3
0.010488245931283906,"frozenset({'22386', '22384', '85099B'})","22384, 22386, 85099B",3
0.011879259980525803,"frozenset({'22386', '22385', '85099B'})","22385, 22386, 85099B",3
0.01585756016135763,"frozenset({'22386', '22411', '85099B'})","22386, 22411, 85099B",3
0.01018222284045069,"frozenset({'85099C', '22386', '22411'})","22386, 22411, 85099C",3
0.014021421616358325,"frozenset({'85099C', '22386', '85099B'})","22386, 85099B, 85099C",3
0.014911670607873139,"frozenset({'22386', '85099F', '85099B'})","22386, 85099B, 85099F",3
0.012380025038252886,"frozenset({'85099C', '22411', '85099B'})","22411, 85099B, 85099C",3
0.011879259980525803,"frozenset({'22698', '22697', '22423'})","22423, 22697, 22698",3
0.013631937682570594,"frozenset({'22423', '22699', '22697'})","22423, 22697, 22699",3
0.011350674641813883,"frozenset({'22698', '22699', '22423'})","22423, 22698, 22699",3
0.01043260536931423,"frozenset({'22469', '85123A', '22470'})","22469, 22470, 85123A",3
0.017971901516205313,"frozenset({'22698', '22699', '22697'})","22697, 22698, 22699",3
0.010376964807344555,"frozenset({'22726', '22728', '22727'})","22726, 22727, 22728",3
0.01043260536931423,"frozenset({'22748', '22745', '22746'})","22745, 22746, 22748",3
0.012769508972040617,"frozenset({'85123A', '82482', '82494L'})","82482, 82494L, 85123A",3
0.0108499095840868,"frozenset({'84997D', '84997B', '84997C'})","84997B, 84997C, 84997D",3
0.011962720823480317,"frozenset({'85099C', '85099F', '85099B'})","85099B, 85099C, 85099F",3
0.010210043121435527,"frozenset({'20727', '20725', '22384', '22383'})","20725, 20727, 22383, 22384",4
0.010738628460147448,"frozenset({'22386', '21931', '22411', '85099B'})","21931, 22386, 22411, 85099B",4
0.010460425650299069,"frozenset({'22698', '22699', '22697', '22423'})","22423, 22697, 22698, 22699",4
